{
  "ok": 16,
  "errors": 0,
  "error_examples": [],
  "latency_mean_s": 8.556942443712614,
  "latency_p95_s": 10.633081699954346,
  "latency_max_s": 11.373588599963114,
  "approx_tokens_total": 2367,
  "throughput_req_s": 0.4095708107716596,
  "throughput_tok_s": 60.590881818532395,
  "system_cpu_mean_pct": 59.44078947368421,
  "system_cpu_max_pct": 86.7,
  "system_ram_mean_mb": 5468.278474506579,
  "system_ram_max_mb": 5587.02734375,
  "llama_detected": true,
  "llama_cpu_mean_pct": 778.7131578947368,
  "llama_cpu_max_pct": 819.6,
  "llama_ram_mean_mb": 1048.2677837171052,
  "llama_ram_max_mb": 1086.76171875,
  "elapsed_wall_s": 39.065283900126815
}